method,accuracy,tokens_used,f1,efficiency
full_context,0.8292682926829268,197.0,0.2844808841937603,0.0041990860812646654
keyword,0.8292682926829268,188.0,0.28464680422030747,0.004388795662837227
rl_bandit,0.8292682926829268,197.0,0.2844808841937603,0.0041990860812646654
sliding_window,0.8292682926829268,179.0,0.2820878402458383,0.004609544468546637
truncated_head,0.8292682926829268,179.0,0.27776187490495746,0.004623334239869458
truncated_head_tail,0.8292682926829268,197.0,0.2844808841937603,0.0041990860812646654
topk,0.8170731707317074,166.0,0.2701353125424172,0.0049082854274131935
truncated_tail,0.7073170731707317,151.0,0.23522726377905764,0.004654895666131621
